{
  "customers": [{
      "id": 1,
      "name": "Bob"
    },
    {
      "id": 2,
      "name": "Mary"
    },
    {
      "id": 3,
      "name": "Joe"
    }
  ],
  "orders": [{
    "id": 1,
    "customerId": 1,
    "items": [{
        "productId": 1,
        "quantity": 2
      },
      {
        "productId": 2,
        "quantity": 3
      }
    ]
  }],
  "products": [{
      "id": 1,
      "description": "apple",
      "price": 0.50
    },
    {
      "id": 2,
      "description": "orange",
      "price": 0.75
    },
    {
      "id": 3,
      "description": "banana",
      "price": 0.85
    }
  ]
}